DELIMITER ;
-- desativa a verificaçõ das chaves estrangeiras
SET foreign_key_checks = 0 ;

TRUNCATE TABLE lance;
TRUNCATE TABLE concorrente;
TRUNCATE TABLE leilaor;
TRUNCATE TABLE leilao;
TRUNCATE TABLE leiloeira;
TRUNCATE TABLE pessoac;
TRUNCATE TABLE pessoa;
SET foreign_key_checks = 1 ;

INSERT INTO pessoa (nif,nome,pin) VALUES
(41352,"Daniel da Costa Vasco",41352),
(58474,"David Kayiu In",58474),
(58547,"Diogo Alexandre Inácio Franco",58547),
(58727,"Tiago André Vila Verde de Aguias Rodrigues",58727),
(62567,"Rafael Ricardo Dias Venâncio",62567),
(62892,"Henrique Maria Roque de Carvalho Freire de Abranches",62892),
(63063,"Alexandre Lopes Siborro",63063),
(63188,"João Luí­s Sapeira Baptista",63188),
(63572,"Pedro de Sousa Carneiro",63572),
(63916,"Diogo Manuel Alves Pinto",63916),
(64710,"Afonso Cardoso Águas",64710),
(64725,"Andre Fazenda dos Santos Duarte Patricio",64725),
(64732,"Bernardo Fernandes Varela",64732),
(64752,"Duarte Miguel Tavares Barreira",64752),
(64831,"Paulo Ricardo de Sousa Coelho",64831),
(64833,"Pedro Daniel Diz Pinela",64833),
(65302,"Alexandre Ramos Caeiro",65302),
(65675,"Diogo Nuno Mendes Bastos",65675),
(65862,"Alexandre David Salcedas Ferreira Anacleto",65862),
(65883,"Daniel Santos Pinho",65883),
(66326,"Fernando António Lopes Rodrigues",66326),
(66438,"Carla Mesiano",66438),
(66938,"André dos Santos Tomé",66938),
(66959,"Cláudia Sofia Beja Filipe",66959),
(66971,"Diogo Costa Relvas Garcia",66971),
(66983,"Fernando Costa Oliveira",66983),
(67011,"Joao Miguel Correia de Sousa Silva Santos",67011),
(67030,"Leo Francisco Clement Valente",67030),
(67040,"Miguel Francisco Vicente da Fonseca",67040),
(67056,"Pedro Filipe da Cruz Baptista",67056),
(67067,"Ricardo Filipe Paulo Daniel",67067),
(67068,"Ricardo Jesus Lourenço",67068),
(67371,"Bruno Filipe Silva de Oliveira",67371),
(68199,"Tiago Miguel de Miranda Santos",68199),
(68507,"Filipe António Ferreira da Silva",68507),
(69305,"Mário Rafael Dias Revez",69305),
(69352,"Ruben de Castro Carmo",69352),
(69401,"Nuno Neto de Carvalho Mota",69401),
(69494,"Anabela Sofia Martins Borges",69494),
(69505,"í‚ngela Patrí­cia Guerreiro Fernandes",69505),
(69537,"Pedro Manuel Tareco Bucho",69537),
(69568,"Sara Cristina Martins dos Santos",69568),
(69682,"Maria de Jesus Quintela Barbosa Costa e Silva",69682),
(69701,"Rui Manuel Esteves Garcia Lourenço",69701),
(69720,"Daniel André Teixeira da Silva Leal da Costa",69720),
(69769,"Nuno Miguel Silvestre Cameira",69769),
(69770,"Miguel Correia Guerra",69770),
(69775,"Pedro Miguel de Oliveira Barata Ferreira Caeiro",69775),
(69799,"Ana Marta Rodrigues Franco Durand Mendes",69799),
(69804,"Paula Alexandra Canais Guerreiro",69804),
(69882,"Miguel Nunes Rosendo Ferreira",69882),
(69962,"Francisco Horta Dourado",69962),
(70012,"Filipe Dioní­sio de Medeiros Cruzinha",70012),
(70119,"André Filipe Mota Rodrigues",70119),
(70122,"Francisco Maria dos Santos Coelho Casqueiro Calado",70122),
(70160,"João António Afonso Rego",70160),
(70171,"João Miguel Soares de Matos Neves",70171),
(70209,"Bernardo Lopo Tavares Fernandes",70209),
(70254,"Sérgio Miguel Malacuto de Matos Simões",70254),
(70257,"Sérgio Augusto Lopes de Moura",70257),
(70281,"João Pedro Lopes Moreira",70281),
(70289,"Miguel das Neves Jacinto",70289),
(70306,"Maria Leonor Santos Torres",70306),
(70315,"Rodrigo Amaral Cabral Vieira",70315),
(70493,"Tiago Miguel Pedro do Nascimento",70493),
(70916,"Francisco Maria Galamba Ferrari Calisto",70916),
(70939,"Telmo Silva Marques",70939),
(70968,"Bernardo Barbosa Sequeira Braga",70968),
(70969,"Mário Filipe Batalha Reis",70969),
(70977,"Ricardo Miguel Mendes Matias",70977),
(70992,"João Pedro Amaro Chitas",70992),
(71015,"Ricardo José Duarte Nunes",71015),
(72374,"Fernando Jorge Róias Massa",72374),
(72471,"Michael Luis Fernandes Santos",72471),
(72619,"Bruno Diogo Pita Ferreira Cardoso",72619),
(72655,"Pedro Leal Bento",72655),
(72689,"Miguel Maria Rodrigues Perlico da Cruz Sabino",72689),
(72742,"Pedro Miguel Fonseca Vieira",72742),
(72744,"Pedro Guilherme Afonso de Loureiro",72744),
(72801,"Pedro Batista da Costa Alves",72801),
(72827,"Vasco Miguel Resendes Pedro",72827),
(72832,"Luí­s Pedro Estrela da Costa",72832),
(72886,"André Manuel Boavida Malcata Martins",72886),
(72887,"í‚ngela Margarida Gonçalves Ferreira",72887),
(72904,"Luí­s Filipe Pookatham Ribeiro Gomes",72904),
(72948,"Mariana Espirito Santo Madeira",72948),
(72955,"Luí­s Alberto Carvalho de Almeida",72955),
(72969,"João Gonçalo Nunes Vicente Marques Ceia",72969),
(72984,"Marco André Carvalho Carreira de Araújo",72984),
(72992,"Manuel Castro Guerra Moreira Guimaríes",72992),
(73008,"Duarte Pinto Pompeu",73008),
(73013,"Ana Cláudia Paulo Galhoz",73013),
(73037,"João Francisco Patinhas Ramalho Primo Carrapiço",73037),
(73046,"André Spí­nola Rodrigues Antunes",73046),
(73063,"João André Seixas Bastos",73063),
(73068,"Nuno Caires Jacinto",73068),
(73101,"Francisco Fino Nina Pina Bicho",73101),
(73151,"Aline Ferreira Caliente",73151),
(73155,"Tiago Esteves Ribeiro",73155),
(73174,"Frederico de Jesus Assis de Campos Dioní­sio",73174),
(73189,"Margarida Filipa Leal Correia",73189),
(73203,"João Pedro Sousa Lobo de Carvalho",73203),
(73216,"Nuno Guilherme de Sousa Lobato da Graça",73216),
(73238,"Filipa da Silva Montez",73238),
(73245,"Diogo Painho Rodrigues",73245),
(73253,"Filipe Alexandre Duarte Fernandes",73253),
(73296,"André Filipe Romío Policarpo",73296),
(73351,"João Miguel Rebimba Carraquico",73351),
(73371,"Filipa Alexandra Romío Piedade",73371),
(73384,"José Pedro Carapuça Serrano",73384),
(73399,"Beatriz Abecasis Gomes Ferreira",73399),
(73474,"Filipe Cruz Gonçalves",73474),
(73507,"Gil Diogo Mendes da Silva",73507),
(73592,"Rafael Jorge Barreira",73592),
(73599,"Miguel Pedro da Custódia Conceiçío",73599),
(73622,"Mariana Vaz Pinto Loureiro",73622),
(73639,"Ricardo Filipe Camacho Lopes",73639),
(73659,"Ricardo Martinho Ferreira Miranda",73659),
(73751,"José Pedro de Lima Rosendo",73751),
(73756,"Rita Sofia de Lopes Paula Caseiro Moreira",73756),
(73764,"Vasco Boavida de Brito",73764),
(73767,"Ricardo Miguel da Silva Gerardo",73767),
(73894,"João Filipe Frazío Vasconcelos",73894),
(73920,"Simío de Matos Ferreira do Vale Cardoso",73920),
(74115,"Miguel Marques Geraldes",74115),
(74117,"Natalino António Bernardino Cordeiro",74117),
(74143,"Miguel Filipe Morais Pólvora",74143),
(74152,"Miguel Oliveira Ferreira",74152),
(74164,"Joana Patrí­cia Ribeiro Mendes Natálio",74164),
(74197,"Henrique de Oliveira e Varío Mouta",74197),
(74229,"Nuno Alexandre Pinto Gusmío",74229),
(74318,"Maria Beatriz Malveiro Jorge",74318),
(75146,"Pedro Nuno de Brito Lopes Martins Peres",75146),
(75149,"João Pedro Casaca da Silva Almeida",75149),
(75150,"Gonçalo Polónia de Matos",75150),
(75154,"Jorge Miguel Tavares Veiga",75154),
(75180,"Adriana Gonçalves Domingos",75180),
(75193,"André Ricardo Anselmo Félix",75193),
(75209,"Diogo Costa Luis Cardoso",75209),
(75223,"Miguel Soares Lopes",75223),
(75242,"Catarina Salgueiro Ferreira",75242),
(75278,"Francisco Braga de Macedo de Castro Henriques",75278),
(75296,"Inês Cunha Vaz Pereira Urbano",75296),
(75305,"Gonçalo Alexandre Mesquita Albuquerque Castilho",75305),
(75310,"João Gonçalo Alexandre Marques Pires",75310),
(75312,"Ana Isabel Silva Galvío",75312),
(75328,"Francisco José Mota Baio Dias",75328),
(75334,"Joana Maria Salvado Vicente",75334),
(75344,"Tomás da Silva Marques",75344),
(75376,"João Humberto Moncóvio Rebelo",75376),
(75401,"Diogo Filipe Vieitos Pais",75401),
(75449,"Paulo Nuno Cainço Teixeira",75449),
(75453,"Maria Teresa Cardoso dos Santos Coelho",75453),
(75455,"André Filipe Ferreiro da Silva",75455),
(75456,"Artur José Lourenço Fonseca",75456),
(75513,"Ricardo Manuel Teixeira Pires",75513),
(75522,"Daniel Venâncio Gonçalves Sil",75522),
(75537,"Bernardo Pascoal Figueiredo",75537),
(75541,"Tomás Almeida e Silva Martins Alves",75541),
(75548,"João Guilherme Cardoso Serra Martins",75548),
(75551,"Miguel Alexandre Lourenço dos Santos",75551),
(75611,"Miguel í‚ngelo António Ventura",75611),
(75619,"Jessica Achoca Ramgi",75619),
(75621,"João Pedro Borges Pereira",75621),
(75624,"Andriy Zabolotnyy",75624),
(75629,"Daniel Silva Amado",75629),
(75640,"Leonardo Filipe Farinha Marques",75640),
(75641,"Vasco Monteiro Almeida",75641),
(75642,"Hugo da Silveira e Lorena Salgado Braz",75642),
(75646,"Nuno Miguel Mendes Gomes",75646),
(75663,"Ricardo Jorge Gonçalves de Almeida",75663),
(75666,"Pedro Miguel Marcos Joaquim",75666),
(75667,"João Gonçalo Pascoal Farinha",75667),
(75685,"André Filipe Pinto Domingues",75685),
(75695,"Diogo Filipe Panaca Mendes",75695),
(75704,"Marta Filipa Dias Guerreiro",75704),
(75713,"Pedro Miguel Belém Fialho",75713),
(75714,"Miguel Neves Pasadinhas",75714),
(75735,"Beatriz Ventura Brêda Pinho dos Santos",75735),
(75736,"André Dias Santos",75736),
(75738,"Rui Menezes da Silva",75738),
(75749,"João Diogo Castro",75749),
(75770,"Sí­lvia Maria Matos Timóteo",75770),
(75786,"Ana Catarina Constantino Vaz",75786),
(75787,"António Manuel da Silva Ferreira",75787),
(75798,"Tiago Jerónimo Silva",75798),
(75805,"Francisco Alves Gomes",75805),
(75814,"André Filipe Roxo Parreira",75814),
(75838,"Henrique Daniel dos Santos Caldeira",75838),
(75860,"Guilherme Jorge de Lemos Marques",75860),
(75863,"Marco da Silva Domingues",75863),
(75868,"Rúben Filipe Mendonça de Oliveira",75868),
(75888,"Filipa Repsina dos Santos Costa",75888),
(75910,"Nuno Ricardo Gomes Pires",75910),
(75917,"Patrí­cia Sofia Farto Felizardo",75917),
(75926,"Luí­s Manuel Tavares Jordío Alves",75926),
(75948,"Gustavo Barreiros Gomes",75948),
(75962,"António Maria Caetano da Cunha Lopes",75962),
(75966,"Frederico Falcío de Moura",75966),
(75983,"Luí­s Carlos de Campos Freitas",75983),
(75993,"João Gonçalo da Silva Antunes",75993),
(76002,"Manuel João Poeira Fernandes",76002),
(76009,"João Francisco Romeiras da Costa Amado",76009),
(76011,"Francisco André Soares Castro Gonçalves",76011),
(76012,"Carlos Eduardo Alves Carvalho",76012),
(76017,"Miguel Alexandre Ferreira Carvalho",76017),
(76031,"Leonor de Almeida Bandeira",76031),
(76046,"André Filipe Pardal Pires",76046),
(76058,"Hugo Martins Dias Simões Monteiro",76058),
(76061,"Francisco Prelhaz Martins",76061),
(76062,"Joana Raquel Pereira Vidigal",76062),
(76066,"Pedro José de Azambuja Fonseca Silva",76066),
(76078,"Ana Carolina Loureiro Martins",76078),
(76079,"Tiago André Monteiro Gomes",76079),
(76082,"Susana Isabel Pires Machado Ferreira Guerreiro",76082),
(76102,"Miguel de Oliveira Martins Melí­cia Cruz",76102),
(76119,"Ana Marta Correia Nunes",76119),
(76133,"Rodrigo Zambujinho Lourenço",76133),
(76137,"João Pedro António Colaço",76137),
(76170,"Pedro Miguel Cecí­lio Lopes",76170),
(76181,"Inês Jorge Pedro",76181),
(76218,"José da Cruz Nogueira",76218),
(76219,"Rui Miguel Raposo Santiago",76219),
(76231,"Tiago Mendes de Almeida Rechau",76231),
(76245,"Daniel Filipe Freitas Brandío",76245),
(76249,"Luí­s Filipe Carapuça Maltez",76249),
(76294,"Rúben Carlos Batista Louro",76294),
(76296,"João Pedro Neves Cardoso",76296),
(76334,"Inês Filipa Coelho dos Santos",76334),
(76346,"José Francisco Pires Amaral",76346),
(76366,"Diogo Miguel Pardal Calado",76366),
(76432,"Nuno Miguel Abrantes Fontoura",76432),
(76442,"Alexandre Martins Braga Gordo",76442),
(76471,"João Miguel Moura Mendes de Freitas Aguiar",76471),
(76497,"João Pedro Clemente Zeferino",76497),
(76512,"Carlos Daniel Vila Moura Correia",76512),
(76547,"João Francisco Vieira Gonçalves",76547),
(76673,"Luí­sa Filipa Nascimento da Silva",76673),
(76765,"António Joaquim Sousa Glória",76765),
(76969,"Ana Rita Semiío e Teixeira",76969),
(77016,"Kanthavel Pasupathipillai",77016),
(77031,"Rúben Sousa Dinis",77031),
(77205,"Patrí­cia Alexandra Ferreira Pereira",77205),
(77214,"Diogo Miguel de Jesus Lopes Rodrigues",77214),
(77483,"Ana Isabel dos Santos Duarte",77483),
(82382,"João Pedro Mendes Barata",82382),
(72861,"Diogo Rebelo da Cruz",72861),
(72862,"Leiloeira Côrte Real",72862),
(72863,"Leiloeira São Domingos",72863),
(72864,"Leiloeira do Lena",72864),
(65863,"OneFix leiloeiros",65863),
(50123,"Leiloeira Abacus",72862),
(50124,"Leiloeira Tridente",72862),
(50125,"Leiloeira Abacus",72862),
(50126,"Leiloeira Valor Certo",72862),
(50127,"Leiloeira Teixeira da Horta",72862),
(50128,"Leiloeira Nascimento da Silva",72862),
(50150,"Leiloeira Vidigal",72862),
(50151,"Leiloeira Sousa",72862),
(50129,"Leiloeira Gaspar",72862),
(50130,"Leiloeira Galhardas",72862),
(50131,"Leiloeira Pavel",72862),
(50132,"Leiloeira Costa",72862),
(50133,"Leiloeira Pardal",72862),
(50134,"Leiloeira Piriquito",72862),
(50135,"Leiloeira Vidigal",72862),
(50136,"Leiloeira Coimbra",72862),
(50137,"Leiloeira Porto",72862),
(50138,"Leiloeira Lisboa",72862),
(11111,"Consugal Consultores de Engenharia Marítima ",11123),
(11222,"José Cruz Empreendimentos",11222),
(11333,"Infraestruturas Côrte Real",11333),
(11444,"Portos São Domingos",11444),
(11555,"Infraestruturas Marítimas de Portugal",11555),
(11666,"Oneway infra-estruturas",11666);

-- tabela das pessoas coletivas
INSERT INTO pessoac (nif,capitalsocial) VALUES
(72862,7500),
(72863,9000),
(72864,9000),
(65863,9000),
(41352,7897),
(58474,8978),
(58547,5350),
(58727,9544),
(62567,8373),
(62892,6119),
(63063,4008),
(63188,5786),
(63572,1014),
(63916,5458),
(64710,2218),
(64725,6440),
(64732,5226),
(64752,4430),
(64831,5316),
(64833,4632),
(65302,9851),
(65675,6333),
(65862,2868),
(65883,7228),
(66326,5776),
(66438,6291),
(66938,3823),
(66959,9899),
(66971,9792),
(66983,8995),
(67011,6229),
(67030,4996),
(67040,6140),
(67056,2953),
(67067,6768),
(67068,1719),
(67371,1517),
(68199,3248),
(68507,3758),
(69305,1130),
(69352,4148),
(69401,1019),
(69494,5916),
(69505,6025),
(69537,7721),
(69568,9104),
(69682,5240),
(69701,8663),
(69720,6782),
(69769,2221),
(69770,2538),
(69775,5800),
(69799,2922),
(69804,6838),
(69882,9636),
(69962,1391),
(70012,3896),
(70119,4354),
(70122,1247),
(70160,2915),
(70171,3256),
(70209,2168),
(70254,8840),
(70257,6841),
(70281,5315),
(70289,1280),
(70306,4973),
(70315,2920),
(70493,1771),
(70916,5560),
(70939,9487),
(70968,6182),
(70969,2749),
(70977,9109),
(70992,4651),
(71015,2889),
(72374,5344),
(72471,6065),
(72619,8283),
(72655,5058),
(72689,2260),
(72742,1104),
(72744,3441),
(72801,3498),
(72827,3478),
(72832,6523),
(72861,4291),
(72886,5214),
(72887,6061),
(72904,8744),
(72948,3231),
(72955,8650),
(72969,5058),
(72984,1231),
(72992,9903),
(73008,4863),
(73013,6927),
(73037,7678),
(73046,1937),
(73063,6173),
(73068,1611),
(73101,5467),
(73151,4495),
(73155,5842),
(73174,1286),
(73189,9481),
(73203,6646),
(73216,8483),
(73238,8866),
(73245,9499),
(73253,7503),
(73296,3219),
(73351,8976),
(73371,3208),
(73384,4970),
(73399,8281),
(73474,6511),
(73507,2877),
(73592,6686),
(73599,7249),
(73622,3688),
(73639,9252),
(73659,4424),
(73751,3344),
(73756,9528),
(73764,6573),
(73767,9400),
(73894,7158),
(73920,6188),
(74115,2199),
(74117,7525),
(74143,4157),
(74152,9175),
(74164,6736),
(74197,4364),
(74229,4031),
(74318,9049),
(75146,2133),
(75149,6236),
(75150,5137),
(75154,4175),
(75180,5025),
(75193,6004),
(75209,1811),
(75223,3231),
(75242,8638),
(75278,2738),
(75296,7234),
(75305,1675),
(75310,2089),
(75312,5296),
(75328,2872),
(75334,7036),
(75344,3467),
(75376,3221),
(75401,7176),
(75449,5793),
(75453,7531),
(75455,2963),
(75456,4428),
(75513,2272),
(75522,7423),
(75537,3966),
(75541,4232),
(75548,2454),
(75551,3739),
(75611,9598),
(75619,5281),
(75621,4349),
(75624,9809),
(75629,9432),
(75640,7760),
(75641,2933),
(75642,8676),
(75646,6470),
(75663,9752),
(75666,5574),
(75667,1404),
(75685,4146),
(75695,3229),
(75704,2875),
(75713,9560),
(75714,8279),
(75735,6616),
(75736,9253),
(75738,8487),
(75749,8576),
(75770,5822),
(75786,6378),
(75787,6415),
(75798,9276),
(75805,7927),
(75814,9234),
(75838,6020),
(75860,7143),
(75863,5948),
(75868,8039),
(75888,8746),
(75910,2371),
(75917,4656),
(75926,4182),
(75948,5705),
(75962,6323),
(75966,8733),
(75983,9167),
(75993,1429),
(76002,9879),
(76009,8758),
(76011,5190),
(76012,2404),
(76017,3411),
(76031,9729),
(76046,9015),
(76058,5339),
(76061,7165),
(76062,8892),
(76066,6178),
(76078,9576),
(76079,8321),
(76082,3111),
(76102,2650),
(76119,2434),
(76133,9777),
(76137,3007),
(76170,9426),
(76181,7701),
(76218,1342),
(76219,1343),
(76231,8264),
(76245,5372),
(76249,8102),
(76294,4769),
(76296,6841),
(76334,3748),
(76346,2987),
(76366,9128),
(76432,1796),
(76442,7767),
(76471,4091),
(76497,7475),
(76512,2390),
(76547,3209),
(76673,5091),
(76765,4400),
(76969,1599),
(77016,5183),
(77031,1253),
(77205,8223),
(77214,5899),
(77483,3713),
(82382,1662);


INSERT INTO pessoac (nif,capitalsocial) VALUES
(50124,728620),
(50125,728620),
(50126,728620),
(50127,728620),
(50128,728620),
(50150,728620),
(50151,728620),
(50129,728620),
(50130,728620),
(50131,728620),
(50132,728620),
(50133,728620),
(50134,728620),
(50135,728620),
(50136,728620),
(50137,728620),
(50138,728620),
(11111,111230),
(11222,112220),
(11333,113330),
(11444,114440),
(11555,115550),
(11666,116660);


-- tabela das leiloeira 
INSERT INTO leiloeira(nif,nralvara) VALUES
(50124,06),
(50125,07),
(50126,08),
(50127,09),
(50128,10),
(50129,11),
(50130,12),
(50131,13),
(50132,14),
(50133,15),
(50134,16),
(50135,17),
(50136,18),
(50137,19),
(50138,20),
(50150,728620),
(50151,728620),
(11111,111230),
(11222,112220),
(11333,113330),
(11444,114440),
(11555,115550),
(11666,116660);
-- desativa a verificaçõ das chaves estrangeiras

-- tabela dos leilões
INSERT INTO leilao(nome,nif,dia,nrleilaonodia,valorbase,tipo) VALUES
("Sardinha Mar Açores Norte",50124,"2014-10-01",1,10,TRUE),
("Pescada Mar Madeira Norte",50124,"2014-10-01",2,20,TRUE),
("Pescada Mar Madeira Sul",50124,"2014-10-01",3,30,TRUE),
("Pescada Mar Madeira Este",50124,"2014-10-01",4,40,TRUE),
("Pescada Mar Ilhas  Selvagens Este",50124,"2014-10-01",5,50,TRUE),
("Pescada Mar Ilhas  Selvagens Oeste",50124,"2014-10-01",6,60,TRUE),
("Pescada Mar Ilhas  Selvagens Norte",50124,"2014-10-01",7,70,TRUE),
("Sardinha Mar Continental Sul",50124,"2014-10-01",8,80,TRUE),
("Sardinha Mar Continental Norte",50124,"2014-10-01",9,90,TRUE),
("Sardinha Mar Açores Norte",50125,"2014-10-01",1,10,TRUE),
("Pescada Mar Madeira Norte",50125,"2014-10-01",2,20,TRUE),
("Pescada Mar Madeira Sul",50125,"2014-10-01",3,30,TRUE),
("Pescada Mar Madeira Este",50125,"2014-10-01",4,40,TRUE),
("Pescada Mar Ilhas  Selvagens Este",50125,"2014-10-01",5,50,TRUE),
("Pescada Mar Ilhas  Selvagens Oeste",50125,"2014-10-01",6,60,TRUE),
("Pescada Mar Ilhas  Selvagens Norte",50125,"2014-10-01",7,70,TRUE),
("Sardinha Mar Continental Sul",50125,"2014-10-01",8,80,TRUE),
("Sardinha Mar Continental Norte",50125,"2014-10-01",9,90,TRUE),
("Sardinha Mar Açores Norte",50124,"2014-10-02",1,10,TRUE),
("Pescada Mar Madeira Norte",50124,"2014-10-02",2,20,TRUE),
("Pescada Mar Madeira Sul",50124,"2014-10-02",3,30,TRUE),
("Pescada Mar Madeira Este",50124,"2014-10-02",4,40,TRUE),
("Pescada Mar Ilhas  Selvagens Este",50124,"2014-10-02",5,50,TRUE),
("Pescada Mar Ilhas  Selvagens Oeste",50124,"2014-10-02",6,60,TRUE),
("Pescada Mar Ilhas  Selvagens Norte",50124,"2014-10-02",7,70,TRUE),
("Sardinha Mar Continental Sul",50124,"2014-10-02",8,80,TRUE),
("Sardinha Mar Continental Norte",50124,"2014-10-02",9,90,TRUE),
("Sardinha Mar Açores Norte",50125,"2014-10-02",1,10,TRUE),
("Pescada Mar Madeira Norte",50125,"2014-10-02",2,20,TRUE),
("Pescada Mar Madeira Sul",50125,"2014-10-02",3,30,TRUE),
("Pescada Mar Madeira Este",50125,"2014-10-02",4,40,TRUE),
("Pescada Mar Ilhas  Selvagens Este",50125,"2014-10-02",5,50,TRUE),
("Pescada Mar Ilhas  Selvagens Oeste",50125,"2014-10-02",6,60,TRUE),
("Pescada Mar Ilhas  Selvagens Norte",50125,"2014-10-02",7,70,TRUE),
("Salmao Mar Continental Sul",50125,"2014-10-02",8,80,TRUE),
("Latao Mar Continental Norte",50125,"2014-10-02",9,90,TRUE),
("Cromio Mar Açores Norte",50126,"2014-10-01",1,10,TRUE),
("Zinco Mar Açores Norte",50127,"2014-10-01",1,10,TRUE),
("Cobre Mar Açores Norte",50128,"2014-10-01",1,10,TRUE),
("Ferro Mar Açores Norte",50129,"2014-10-01",1,10,TRUE),
("Prata Mar Açores Norte",50130,"2014-10-01",1,10,TRUE);

INSERT INTO leilaor(nif,dia,nrleilaonodia,nrdias) VALUES
(50124,"2014-10-01",1,10),
(50124,"2014-10-01",2,20),
(50124,"2014-10-01",3,30),
(50124,"2014-10-01",4,40),
(50124,"2014-10-01",5,50),
(50124,"2014-10-01",6,60),
(50124,"2014-10-01",7,70),
(50124,"2014-10-01",8,80),
(50124,"2014-10-01",9,90),
(50125,"2014-10-01",1,10),
(50125,"2014-10-01",2,20),
(50125,"2014-10-01",3,30),
(50125,"2014-10-01",4,40),
(50125,"2014-10-01",5,50),
(50125,"2014-10-01",6,60),
(50125,"2014-10-01",7,70),
(50125,"2014-10-01",8,80),
(50125,"2014-10-01",9,90),
(50124,"2014-10-02",1,10),
(50124,"2014-10-02",2,20),
(50124,"2014-10-02",3,30),
(50124,"2014-10-02",4,40),
(50124,"2014-10-02",5,50),
(50124,"2014-10-02",6,60),
(50124,"2014-10-02",7,70),
(50124,"2014-10-02",8,80),
(50124,"2014-10-02",9,90),
(50125,"2014-10-02",1,10),
(50125,"2014-10-02",2,20),
(50125,"2014-10-02",3,30),
(50125,"2014-10-02",4,40),
(50125,"2014-10-02",5,50),
(50125,"2014-10-02",6,60),
(50125,"2014-10-02",7,70),
(50125,"2014-10-02",8,80),
(50125,"2014-10-02",9,90),
(50126,"2014-10-01",1,10),
(50127,"2014-10-01",1,10),
(50128,"2014-10-01",1,10),
(50129,"2014-10-01",1,10),
(50130,"2014-10-01",1,10);


